<?xml version="1.0" encoding="UTF-8"?>
<beans xmlns="http://www.springframework.org/schema/beans"
    xmlns:mvc="http://www.springframework.org/schema/mvc"
	xmlns:context="http://www.springframework.org/schema/context"
	xmlns:xsi="http://www.w3.org/2001/XMLSchema-instance"
	xsi:schemaLocation="
        http://www.springframework.org/schema/beans     
        http://www.springframework.org/schema/beans/spring-beans-3.0.xsd
        http://www.springframework.org/schema/mvc 
        http://www.springframework.org/schema/mvc/spring-mvc-3.0.xsd
        http://www.springframework.org/schema/context 
        http://www.springframework.org/schema/context/spring-context-3.0.xsd">

	<context:component-scan base-package="edu.asu.ss2015.group4.controller" />

	<bean
		class="org.springframework.web.servlet.view.InternalResourceViewResolver">
		<property name="prefix">
			<value>/WEB-INF/views/</value>
		</property>
		<property name="suffix">
			<value>.jsp</value>
		</property>
	</bean>
	
	<!-- Declaring beans -->
	<bean id="UserDAOImpl" class="edu.asu.ss2015.group4.dao.impl.UserDAOImpl" />
	<bean id="UserServiceImpl" class="edu.asu.ss2015.group4.service.impl.UserServiceImpl" />
	<bean id="UserInformation" class="edu.asu.ss2015.group4.model.UserInformation" />
	<bean id="UserInformationDTO" class="edu.asu.ss2015.group4.dto.UserInformationDTO" />
	<bean id="TransactionDAOimpl" class="edu.asu.ss2015.group4.dao.impl.TransactionDAOImpl" />
	<bean id="TransactionServiceImpl" class="edu.asu.ss2015.group4.service.impl.TransactionServiceImpl" />
	<bean id="Transactions" class="edu.asu.ss2015.group4.model.Transactions" />
	<bean id="TransaactionDTO" class="edu.asu.ss2015.group4.dto.TransactionDTO" />
	<mvc:resources mapping="/resources/**" location="/resources/portfolio/" />
	<mvc:annotation-driven />
	<mvc:default-servlet-handler/>
</beans>